Prev.Length,Prev.Size,Browse.Time
90,0.2,24.70074378
120,0.2,24.50909269
90,0.5,12.99794995
120,0.5,28.92626501
105,0.35,21.29697748
90,0.2,22.78714708
120,0.2,18.14956877
90,0.5,15.46956455
120,0.5,23.22400538
105,0.35,21.98127846
90,0.2,17.5874208
120,0.2,24.99614832
90,0.5,23.25630677
120,0.5,19.46162388
105,0.35,24.58776512
90,0.2,23.23788724
120,0.2,21.36318435
90,0.5,16.52883522
120,0.5,28.53072063
105,0.35,24.22999237
90,0.2,20.01813218
120,0.2,26.39426808
90,0.5,15.3773438
120,0.5,28.80690166
105,0.35,26.12871395
90,0.2,18.26324946
120,0.2,18.72916249
90,0.5,20.79622328
120,0.5,17.01276797
105,0.35,20.792971
90,0.2,20.14467376
120,0.2,23.9910418
90,0.5,21.25757237
120,0.5,21.9577685
105,0.35,26.66788617
90,0.2,22.26164419
120,0.2,28.50961568
90,0.5,18.97744045
120,0.5,21.43501045
105,0.35,25.64266462
90,0.2,23.5489029
120,0.2,22.37019412
90,0.5,22.05659652
120,0.5,21.37608533
105,0.35,20.52715207
90,0.2,21.48038158
120,0.2,23.05460696
90,0.5,17.27740522
120,0.5,26.98262265
105,0.35,20.87957022
90,0.2,25.38669186
120,0.2,19.37722103
90,0.5,20.72571928
120,0.5,17.7135674
105,0.35,24.96274029
90,0.2,22.48643636
120,0.2,21.34258358
90,0.5,22.82314795
120,0.5,16.04953387
105,0.35,16.62890865
90,0.2,25.8482175
120,0.2,15.81030661
90,0.5,13.31045939
120,0.5,23.71238811
105,0.35,18.12611943
90,0.2,21.26877493
120,0.2,24.1034837
90,0.5,19.01267917
120,0.5,19.40761462
105,0.35,21.61413754
90,0.2,26.4337191
120,0.2,23.32990001
90,0.5,19.71706746
120,0.5,22.67547656
105,0.35,18.81433561
90,0.2,17.49914554
120,0.2,22.16597645
90,0.5,18.31174351
120,0.5,15.6539208
105,0.35,20.97647938
90,0.2,21.47226185
120,0.2,18.95876476
90,0.5,21.29750743
120,0.5,25.71208442
105,0.35,23.79857254
90,0.2,21.87986185
120,0.2,18.69134881
90,0.5,19.61188357
120,0.5,23.81595831
105,0.35,24.86366043
90,0.2,19.26337305
120,0.2,19.16448777
90,0.5,22.30249132
120,0.5,21.22734635
105,0.35,22.79168634
90,0.2,21.40144167
120,0.2,22.63858566
90,0.5,24.05878267
120,0.5,20.83159393
105,0.35,15.29106115
90,0.2,19.00810665
120,0.2,26.25881973
90,0.5,20.51244342
120,0.5,21.41396325
105,0.35,22.50741204
90,0.2,26.15521132
120,0.2,24.27596105
90,0.5,19.70687488
120,0.5,25.33993554
105,0.35,21.9233927
90,0.2,23.73953141
120,0.2,19.6278199
90,0.5,22.61456723
120,0.5,22.7767994
105,0.35,30.43510612
90,0.2,22.52361496
120,0.2,18.17281549
90,0.5,14.23782375
120,0.5,19.77267926
105,0.35,18.27867599
90,0.2,26.41210946
120,0.2,20.30531056
90,0.5,20.81108812
120,0.5,18.74056332
105,0.35,19.27463399
90,0.2,21.19502015
120,0.2,26.01545296
90,0.5,22.36822509
120,0.5,20.37364355
105,0.35,24.10554465
90,0.2,24.58096888
120,0.2,25.84008972
90,0.5,21.92866199
120,0.5,23.95735396
105,0.35,25.10701755
90,0.2,22.22172196
120,0.2,20.99797408
90,0.5,16.45600362
120,0.5,20.85016437
105,0.35,19.94180677
90,0.2,21.2035997
120,0.2,19.22545662
90,0.5,26.81888736
120,0.5,28.60242852
105,0.35,21.42813357
90,0.2,25.10303587
120,0.2,20.98353874
90,0.5,19.53690693
120,0.5,22.95253065
105,0.35,21.68069747
90,0.2,22.3227616
120,0.2,21.17524929
90,0.5,18.9561136
120,0.5,18.58082272
105,0.35,24.33270206
90,0.2,21.74866383
120,0.2,21.36777143
90,0.5,18.09990182
120,0.5,20.06639347
105,0.35,19.74412635
90,0.2,28.40344626
120,0.2,24.70277324
90,0.5,21.2029893
120,0.5,19.3245767
105,0.35,19.85008324
90,0.2,23.11441602
120,0.2,23.96474584
90,0.5,18.92733082
120,0.5,16.6615412
105,0.35,24.05747674
90,0.2,22.77914822
120,0.2,26.58807255
90,0.5,20.51893957
120,0.5,14.90652278
105,0.35,26.98729159
90,0.2,20.411628
120,0.2,17.71651003
90,0.5,20.79180155
120,0.5,16.23211339
105,0.35,17.7850399
90,0.2,19.92403917
120,0.2,23.58310883
90,0.5,22.45134646
120,0.5,24.35570612
105,0.35,20.06106285
90,0.2,21.99874681
120,0.2,24.58554408
90,0.5,23.38080746
120,0.5,22.75843086
105,0.35,24.24927267
90,0.2,27.29734245
120,0.2,22.14715023
90,0.5,20.613101
120,0.5,22.6867862
105,0.35,19.68587992
90,0.2,20.84612911
120,0.2,22.55679956
90,0.5,24.33694967
120,0.5,17.02976335
105,0.35,19.49390503
90,0.2,24.78282669
120,0.2,21.24660145
90,0.5,20.2418872
120,0.5,26.54511537
105,0.35,23.55618227
90,0.2,21.42029472
120,0.2,25.10075445
90,0.5,20.98507896
120,0.5,23.64101126
105,0.35,20.44007021
90,0.2,25.22040097
120,0.2,19.84060764
90,0.5,18.02131869
120,0.5,21.1243401
105,0.35,26.10130041
90,0.2,21.45415722
120,0.2,21.22971322
90,0.5,21.34945962
120,0.5,23.08250731
105,0.35,18.31065021
90,0.2,27.01765201
120,0.2,20.9832115
90,0.5,20.23969817
120,0.5,27.64707528
105,0.35,19.14122304
90,0.2,15.80748008
120,0.2,26.42398088
90,0.5,21.82713612
120,0.5,23.77958949
105,0.35,21.22175471
90,0.2,20.64276038
120,0.2,24.36317277
90,0.5,18.25777259
120,0.5,16.4343008
105,0.35,16.57377249
90,0.2,19.63107563
120,0.2,22.1912868
90,0.5,19.27942672
120,0.5,22.50844162
105,0.35,26.49981304
90,0.2,22.20204406
120,0.2,24.72278643
90,0.5,19.19219473
120,0.5,19.39070683
105,0.35,19.0339802
90,0.2,26.32562028
120,0.2,21.39438603
90,0.5,18.03366524
120,0.5,21.67745546
105,0.35,15.52369004
90,0.2,25.6111756
120,0.2,21.00174343
90,0.5,22.470519
120,0.5,19.1102725
105,0.35,26.42938291
90,0.2,25.80670388
120,0.2,26.77139865
90,0.5,19.18280654
120,0.5,26.46647379
105,0.35,21.71439812
90,0.2,24.58806322
120,0.2,22.8149858
90,0.5,16.26068982
120,0.5,23.83717507
105,0.35,21.58039753
90,0.2,19.19901298
120,0.2,26.45609841
90,0.5,19.83225594
120,0.5,17.55783166
105,0.35,22.45591427
90,0.2,21.12476376
120,0.2,28.51760967
90,0.5,28.19908434
120,0.5,25.28167713
105,0.35,25.02566991
90,0.2,25.69143956
120,0.2,19.56769653
90,0.5,20.49565582
120,0.5,17.63890582
105,0.35,21.96686636
90,0.2,25.53754753
120,0.2,21.94721537
90,0.5,18.9100462
120,0.5,20.26505705
105,0.35,24.38898034
90,0.2,23.51948443
120,0.2,27.85152487
90,0.5,18.43348027
120,0.5,23.40972506
105,0.35,20.08383496
90,0.2,25.37560263
120,0.2,17.9469334
90,0.5,23.88838129
120,0.5,26.88875596
105,0.35,16.86740719
90,0.2,22.95042694
120,0.2,19.2414183
90,0.5,23.06959137
120,0.5,19.77774435
105,0.35,15.8616788
90,0.2,15.68071565
120,0.2,20.91598974
90,0.5,30.23606643
120,0.5,19.79119746
105,0.35,25.01913324
90,0.2,22.41548036
120,0.2,18.76278236
90,0.5,22.57092113
120,0.5,14.98304221
105,0.35,24.98661616
90,0.2,20.16021361
120,0.2,24.52033822
90,0.5,21.09569881
120,0.5,19.33237461
105,0.35,23.2429364
90,0.2,25.18672978
120,0.2,19.91078676
90,0.5,17.30787451
120,0.5,26.42530853
105,0.35,23.00551831
90,0.2,22.88347798
120,0.2,24.86419217
90,0.5,21.17832411
120,0.5,19.28494468
105,0.35,20.17454332
90,0.2,20.12596534
120,0.2,28.83848757
90,0.5,15.31753175
120,0.5,20.80371966
105,0.35,20.46200051
90,0.2,20.23538685
120,0.2,20.66622943
90,0.5,23.13641324
120,0.5,22.11506281
105,0.35,21.22751147
90,0.2,20.86917707
120,0.2,22.007666
90,0.5,20.24064938
120,0.5,23.03891119
105,0.35,17.69673837
90,0.2,24.43018961
120,0.2,21.66397611
90,0.5,12.36507036
120,0.5,23.93203431
105,0.35,25.04160179
90,0.2,21.65785894
120,0.2,20.579805
90,0.5,25.37832746
120,0.5,24.74196753
105,0.35,24.11008908
90,0.2,25.25416325
120,0.2,23.50937219
90,0.5,21.0277124
120,0.5,24.48579928
105,0.35,20.1453294
90,0.2,18.58797994
120,0.2,21.91826737
90,0.5,25.43475579
120,0.5,22.68667646
105,0.35,17.57811298
90,0.2,23.23130303
120,0.2,25.78934734
90,0.5,19.69365222
120,0.5,19.1901586
105,0.35,19.31606467
90,0.2,24.82529972
120,0.2,20.72962415
90,0.5,20.29989769
120,0.5,25.47280218
105,0.35,21.09203944
90,0.2,21.08119182
120,0.2,19.79385968
90,0.5,23.34589963
120,0.5,19.9792543
105,0.35,21.80806581
90,0.2,16.33052193
120,0.2,27.13180476
90,0.5,22.06083777
120,0.5,20.93629771
105,0.35,23.71952111
90,0.2,23.21241876
120,0.2,23.08614693
90,0.5,18.10670482
120,0.5,28.59195398
105,0.35,24.89251307
90,0.2,20.7750958
120,0.2,24.58775151
90,0.5,18.38352476
120,0.5,23.79467671
105,0.35,27.0818094
90,0.2,18.48603866
120,0.2,23.34755018
90,0.5,23.11631858
120,0.5,22.55212216
105,0.35,24.48156236
90,0.2,18.18931901
120,0.2,19.25409778
90,0.5,17.9361806
120,0.5,26.85643926
105,0.35,15.42567425
90,0.2,25.3020631
120,0.2,20.28991036
90,0.5,23.28997141
120,0.5,18.03001442
105,0.35,23.13657571
90,0.2,19.52615076
120,0.2,26.99762577
90,0.5,16.23865089
120,0.5,23.01403247
105,0.35,22.62184569
90,0.2,26.33363723
120,0.2,22.68768288
90,0.5,16.57961125
120,0.5,25.32345877
105,0.35,23.12663048
90,0.2,21.69101479
120,0.2,17.81468525
90,0.5,19.43883459
120,0.5,20.50904018
105,0.35,17.43401807
90,0.2,18.40363829
120,0.2,28.30647201
90,0.5,16.08541607
120,0.5,24.53488353
105,0.35,19.83081023
90,0.2,22.41823551
120,0.2,20.85899182
90,0.5,20.17837612
120,0.5,20.24650883
105,0.35,23.15866811
90,0.2,16.6426293
120,0.2,18.66678032
90,0.5,14.10759379
120,0.5,20.03661977
105,0.35,25.16206833
90,0.2,20.12987036
120,0.2,23.64681397
90,0.5,22.04364603
120,0.5,18.56012689
105,0.35,26.24400971
90,0.2,22.92762561
120,0.2,21.21316019
90,0.5,16.07651572
120,0.5,18.06789422
105,0.35,18.89531924
90,0.2,20.04401109
120,0.2,20.436526
90,0.5,20.26146996
120,0.5,15.33556727
105,0.35,23.79122376
90,0.2,25.34417327
120,0.2,23.94553926
90,0.5,17.82631592
120,0.5,19.80880999
105,0.35,26.04715381
90,0.2,19.00907916
120,0.2,21.13962314
90,0.5,26.18732469
120,0.5,15.66388843
105,0.35,20.31976721
90,0.2,27.6382892
120,0.2,22.38927653
90,0.5,18.49742863
120,0.5,23.65945751
105,0.35,21.00259571
90,0.2,20.89614885
120,0.2,25.47619325
90,0.5,20.75114219
120,0.5,18.54041591
105,0.35,25.71791267
90,0.2,26.90479272
120,0.2,21.68741447
90,0.5,23.13869098
120,0.5,21.07791335
105,0.35,20.23637977
90,0.2,23.77444795
120,0.2,19.5860654
90,0.5,18.98855891
120,0.5,19.50035715
105,0.35,17.69110108
90,0.2,23.55633095
120,0.2,20.68152327
90,0.5,14.26443394
120,0.5,21.12702596
105,0.35,22.07523457
90,0.2,24.27787385
120,0.2,18.25385948
90,0.5,22.84743058
120,0.5,23.08290366
105,0.35,23.09181225
90,0.2,22.32396625
120,0.2,20.55227072
90,0.5,21.15921769
120,0.5,24.12514565
105,0.35,26.19077898
90,0.2,24.30357687
120,0.2,19.17156346
90,0.5,20.05599788
120,0.5,17.96991883
105,0.35,22.26429609
90,0.2,26.20782548
120,0.2,21.19582427
90,0.5,21.92855375
120,0.5,19.39886189
105,0.35,19.15046059
90,0.2,16.86762728
120,0.2,25.48305142
90,0.5,22.33148198
120,0.5,24.68655565
105,0.35,18.52872004
90,0.2,19.35191256
120,0.2,28.46217825
90,0.5,21.98975141
120,0.5,27.42876719
105,0.35,28.78013632
90,0.2,20.48625872
120,0.2,20.20492381
90,0.5,22.86189776
120,0.5,27.4368215
105,0.35,24.73280781
90,0.2,23.83414719
120,0.2,19.21610645
90,0.5,23.38631943
120,0.5,24.82496699
105,0.35,25.71639614
90,0.2,26.29342125
120,0.2,22.86943794
90,0.5,20.27731074
120,0.5,24.7572311
105,0.35,24.5525139
90,0.2,19.95455047
120,0.2,15.50000211
90,0.5,22.07374595
120,0.5,23.92690745
105,0.35,18.29846748
90,0.2,17.34014682
120,0.2,23.48748033
90,0.5,22.77809406
120,0.5,21.27676701
105,0.35,21.55943352
90,0.2,19.7262451
120,0.2,22.20248655
90,0.5,22.07543386
120,0.5,19.33980254
105,0.35,20.67511243
90,0.2,21.11273106
120,0.2,22.7515476
90,0.5,23.34412516
120,0.5,23.88985549
105,0.35,22.0419731
90,0.2,24.70887776
120,0.2,20.30669867
90,0.5,18.15517764
120,0.5,13.58771737
105,0.35,28.71226044
90,0.2,22.18495944
120,0.2,18.41884062
90,0.5,27.07331663
120,0.5,26.1557347
105,0.35,23.85694837
90,0.2,19.98401424
120,0.2,25.13179397
90,0.5,22.19147302
120,0.5,28.36524024
105,0.35,19.99975775
90,0.2,25.73209456
120,0.2,24.76285058
90,0.5,22.42531236
120,0.5,22.15633819
105,0.35,19.3904886
90,0.2,26.22511362
120,0.2,20.33844806
90,0.5,22.42267273
120,0.5,20.39005145
105,0.35,20.2297873
90,0.2,24.60985265
120,0.2,22.43713972
90,0.5,20.46178588
120,0.5,17.74309438
105,0.35,20.08758196
90,0.2,21.9638149
120,0.2,24.06149939
90,0.5,17.22468162
120,0.5,24.74951133
105,0.35,25.41187577
90,0.2,26.57771719
120,0.2,24.51037543
90,0.5,20.44484803
120,0.5,21.08000202
105,0.35,26.90041494
90,0.2,26.21010709
120,0.2,15.4813927
90,0.5,16.15133483
120,0.5,21.05923527
105,0.35,24.41674059
90,0.2,18.88323546
120,0.2,23.06903663
90,0.5,17.87341729
120,0.5,17.86269806
105,0.35,21.07021245
90,0.2,23.38263603
120,0.2,22.93747216
90,0.5,21.37692423
120,0.5,20.07543252
105,0.35,24.37589448
90,0.2,20.78132684
120,0.2,21.12012874
90,0.5,17.11473636
120,0.5,20.39856686
105,0.35,24.97441561
90,0.2,24.06743787
120,0.2,24.34382357
90,0.5,25.75893239
120,0.5,21.08128813
105,0.35,23.13631869
90,0.2,22.18229098
120,0.2,22.25218685
90,0.5,20.73373159
120,0.5,24.37578035
105,0.35,25.50115058
90,0.2,25.39539276
120,0.2,21.8224341
90,0.5,19.44338675
120,0.5,19.20582138
105,0.35,20.48628051
90,0.2,26.75128751
120,0.2,22.8570164
90,0.5,17.09271513
120,0.5,27.92629247
105,0.35,20.31793066
90,0.2,23.5179262
120,0.2,22.26056433
90,0.5,22.46321557
120,0.5,25.30574404
105,0.35,19.11939919
90,0.2,14.95999599
120,0.2,22.46338151
90,0.5,17.24138599
120,0.5,25.01780666
105,0.35,22.02653663
90,0.2,27.06304637
120,0.2,18.64856763
90,0.5,16.96906967
120,0.5,26.97460025
105,0.35,22.05218394
90,0.2,17.20655573
120,0.2,19.60846481
90,0.5,21.65991408
120,0.5,21.62791011
105,0.35,19.34576933
90,0.2,20.68162004
120,0.2,27.08687452
90,0.5,17.56566512
120,0.5,21.33376518
105,0.35,26.29878811
90,0.2,22.6775327
120,0.2,21.021442
90,0.5,13.67322034
120,0.5,22.69828077
105,0.35,22.05285111
90,0.2,20.99723839
120,0.2,24.66198135
90,0.5,19.91640486
120,0.5,20.18777197
105,0.35,15.55050192
90,0.2,21.13307212
120,0.2,22.79346032
90,0.5,21.00359748
120,0.5,20.65952032
105,0.35,21.36196164
90,0.2,25.57513358
120,0.2,18.66789916
90,0.5,20.93009006
120,0.5,14.85853983
105,0.35,23.69461097
90,0.2,20.45120662
120,0.2,26.0176653
90,0.5,18.29889632
120,0.5,28.18302962
105,0.35,22.64046574
90,0.2,15.70938578
120,0.2,20.986279
90,0.5,21.96052255
120,0.5,15.79335246
105,0.35,24.71816429
90,0.2,21.70816738
120,0.2,22.00719813
90,0.5,20.11433701
120,0.5,22.87190455
105,0.35,27.39516656
90,0.2,20.73612734
120,0.2,17.55797346
90,0.5,26.60465737
120,0.5,17.9076927
105,0.35,24.22574095
90,0.2,21.57047416
120,0.2,27.20387259
90,0.5,19.50506409
120,0.5,23.4008748
105,0.35,25.72783496
90,0.2,18.47153623
120,0.2,19.81933802
90,0.5,23.48828249
120,0.5,26.63199743
105,0.35,25.29980057
90,0.2,21.41288585
120,0.2,24.97868645
90,0.5,26.03416395
120,0.5,25.21601621
105,0.35,20.15389824
90,0.2,20.81642194
120,0.2,20.45431369
90,0.5,25.60632165
120,0.5,28.67165524
105,0.35,27.59729058
90,0.2,22.45781385
120,0.2,26.82894651
90,0.5,19.78064129
120,0.5,15.64332105
105,0.35,19.21518461
90,0.2,24.744089
120,0.2,23.22001103
90,0.5,20.00148791
120,0.5,25.781568
105,0.35,19.87832869
90,0.2,24.89463354
120,0.2,20.87269937
90,0.5,21.79161051
120,0.5,18.81342343
105,0.35,25.26129303
90,0.2,24.66714928
120,0.2,21.01333628
90,0.5,19.81323726
120,0.5,27.13448708
105,0.35,18.73339142
90,0.2,24.29049566
120,0.2,24.80750672
90,0.5,22.92632125
120,0.5,22.06993451
105,0.35,19.83712596
90,0.2,21.55579452
120,0.2,20.54275894
90,0.5,27.52659691
120,0.5,25.44862585
105,0.35,20.93009728
90,0.2,29.25659366
120,0.2,19.50182703
90,0.5,22.52627043
120,0.5,18.07008534
105,0.35,22.36038838
90,0.2,25.47395688
120,0.2,25.45416771
90,0.5,15.95325527
120,0.5,23.220984
105,0.35,18.38910806
90,0.2,18.15713349
120,0.2,24.48406373
90,0.5,15.70736249
120,0.5,24.46818012
105,0.35,21.26887678
90,0.2,19.41383984
120,0.2,17.73111899
90,0.5,15.93583309
120,0.5,23.02845208
105,0.35,19.88986389
90,0.2,21.20150041
120,0.2,17.49193676
90,0.5,24.92326407
120,0.5,18.13397257
105,0.35,21.34748452
90,0.2,23.10653553
120,0.2,24.17906926
90,0.5,20.34039385
120,0.5,21.47379072
105,0.35,24.86503389
90,0.2,23.15127723
120,0.2,20.70436575
90,0.5,21.72859944
120,0.5,20.71514199
105,0.35,18.64522531
90,0.2,22.13559683
120,0.2,26.9323574
90,0.5,15.85820421
120,0.5,24.08655783
105,0.35,22.98074274
90,0.2,24.9376858
120,0.2,25.87894892
90,0.5,17.93545249
120,0.5,24.91633813
105,0.35,21.88528734
90,0.2,19.38656487
120,0.2,19.56324844
90,0.5,27.91676688
120,0.5,21.66833081
105,0.35,21.94001413
90,0.2,24.13456805
120,0.2,24.48542688
90,0.5,16.35194722
120,0.5,20.52647998
105,0.35,21.1787044
90,0.2,20.95386313
120,0.2,24.56870935
90,0.5,18.29170407
120,0.5,27.29005327
105,0.35,30.39230911
90,0.2,17.89463488
120,0.2,23.12184915
90,0.5,22.11922596
120,0.5,20.75376871
105,0.35,18.86162951
90,0.2,18.55292941
120,0.2,21.53816147
90,0.5,15.93605894
120,0.5,17.82565148
105,0.35,26.82143648
90,0.2,19.00904773
120,0.2,22.5565971
90,0.5,17.12200701
120,0.5,20.03776782
105,0.35,24.55897531
90,0.2,26.10924118
120,0.2,20.48862143
90,0.5,22.06609848
120,0.5,24.35796612
105,0.35,23.76599496
90,0.2,20.46454109
120,0.2,20.42809741
90,0.5,20.43573751
120,0.5,28.24873263
105,0.35,25.00877944
90,0.2,25.12781481
120,0.2,24.91563912
90,0.5,23.066864
120,0.5,27.12086729
105,0.35,27.46377696
90,0.2,22.08764556
120,0.2,22.40754281
90,0.5,25.23961043
120,0.5,20.57924988
105,0.35,23.04692145
90,0.2,17.01536585
120,0.2,19.12422138
90,0.5,22.46925819
120,0.5,23.88597832
105,0.35,23.46000776
90,0.2,22.04223284
120,0.2,23.76342563
90,0.5,19.79630233
120,0.5,23.7666253
105,0.35,17.43716497
90,0.2,22.23000723
120,0.2,22.68184526
90,0.5,18.13234599
120,0.5,29.54476456
105,0.35,24.81019811
90,0.2,24.99841552
120,0.2,22.97778522
90,0.5,19.12028103
120,0.5,19.582892
105,0.35,27.65501549
90,0.2,27.07273047
120,0.2,23.91679421
90,0.5,19.02943417
120,0.5,21.38099145
105,0.35,22.46685458
90,0.2,20.58768745
120,0.2,20.09641681
90,0.5,19.26601792
120,0.5,21.41511386
105,0.35,22.26232276
90,0.2,21.17447908
120,0.2,28.43572391
90,0.5,12.71711079
120,0.5,24.39777036
105,0.35,14.12036043
90,0.2,18.84301559
120,0.2,22.98079092
90,0.5,21.65817903
120,0.5,22.18162218
105,0.35,23.83124893
90,0.2,17.45670693
120,0.2,19.66569235
90,0.5,18.47421859
120,0.5,15.82949985
105,0.35,24.6359914
90,0.2,28.13602987
120,0.2,26.54647672
90,0.5,21.75577102
120,0.5,17.28814269
105,0.35,22.50844956
90,0.2,19.02227526
120,0.2,20.11767758
90,0.5,20.87302378
120,0.5,25.12256907
105,0.35,21.51793931
90,0.2,25.47394576
120,0.2,15.21836757
90,0.5,22.29560832
120,0.5,16.32277025
105,0.35,19.22128921
90,0.2,20.87893046
120,0.2,22.3479756
90,0.5,21.29162628
120,0.5,19.42298222
105,0.35,18.92426418
90,0.2,22.61911125
120,0.2,23.32695025
90,0.5,21.02165613
120,0.5,24.46690461
105,0.35,18.94429695
90,0.2,26.3459216
120,0.2,24.27538637
90,0.5,19.56287232
120,0.5,29.95325317
105,0.35,22.87925969
90,0.2,19.30525588
120,0.2,18.55945975
90,0.5,18.99402643
120,0.5,22.05566195
105,0.35,19.16216204
90,0.2,21.5741067
120,0.2,19.48521932
90,0.5,16.00073984
120,0.5,20.60472689
105,0.35,20.72512566
90,0.2,25.55852791
120,0.2,23.14827267
90,0.5,19.84498355
120,0.5,24.95543895
105,0.35,20.59004179
90,0.2,23.72578422
120,0.2,24.79050911
90,0.5,19.89250363
120,0.5,24.37134462
105,0.35,24.65306975
90,0.2,21.17359562
120,0.2,22.76379004
90,0.5,24.59503234
120,0.5,25.01549591
105,0.35,27.33183505
90,0.2,25.20468512
120,0.2,21.24776354
90,0.5,18.92870358
120,0.5,20.46008589
105,0.35,24.69386956
90,0.2,24.48632053
120,0.2,30.75174287
90,0.5,20.15027111
120,0.5,24.96251899
105,0.35,22.5124501
90,0.2,17.38384582
120,0.2,23.27629407
90,0.5,14.82822472
120,0.5,18.4385794
105,0.35,23.06361584
90,0.2,26.58416682
120,0.2,26.80361792
90,0.5,17.56445465
120,0.5,19.24289105
105,0.35,21.16992982
90,0.2,22.66599216
120,0.2,20.49311779
90,0.5,19.58363768
120,0.5,27.58567929
105,0.35,21.7883503
90,0.2,17.42437991
120,0.2,24.76526581
90,0.5,19.36179063
120,0.5,25.27280069
105,0.35,20.08093026
90,0.2,20.46635366
120,0.2,23.24821974
90,0.5,19.94490555
120,0.5,19.2699126
105,0.35,26.48907749
90,0.2,18.11963141
120,0.2,19.15989591
90,0.5,23.6623101
120,0.5,24.52896443
105,0.35,23.89782424
90,0.2,23.90119709
120,0.2,24.20894415
90,0.5,19.85255996
120,0.5,21.8838359
105,0.35,24.2537137
90,0.2,18.04710648
120,0.2,23.13499898
90,0.5,18.94040509
120,0.5,19.54221364
105,0.35,25.66192471
90,0.2,23.36874326
120,0.2,18.56036201
90,0.5,24.67797087
120,0.5,17.58774349
105,0.35,27.31273408
90,0.2,23.04640906
120,0.2,21.6660649
90,0.5,20.29531342
120,0.5,23.7710059
105,0.35,20.77393849
90,0.2,15.10318045
120,0.2,20.42326365
90,0.5,20.83595521
120,0.5,20.22312656
105,0.35,21.13959828
90,0.2,23.00526745
120,0.2,22.79902264
90,0.5,19.80857564
120,0.5,21.18406254
105,0.35,20.92619483
90,0.2,24.42027418
120,0.2,27.03678854
90,0.5,19.27501364
120,0.5,24.26331887
105,0.35,17.74590157
90,0.2,19.14544279
120,0.2,19.04502019
90,0.5,18.09696147
120,0.5,22.15689167
105,0.35,23.22113758
90,0.2,20.78203083
120,0.2,22.25015712
90,0.5,21.13076316
120,0.5,25.96383382
105,0.35,18.60865481
90,0.2,24.10685244
120,0.2,20.20651517
90,0.5,20.45263676
120,0.5,26.81115904
105,0.35,17.40761623
90,0.2,26.20034425
120,0.2,23.07564252
90,0.5,19.60887692
120,0.5,24.621596
105,0.35,20.8254012
90,0.2,25.48182761
120,0.2,20.98805378
90,0.5,21.15758018
120,0.5,19.72424967
105,0.35,24.44385872
90,0.2,22.51855064
120,0.2,26.54527851
90,0.5,18.45972617
120,0.5,21.68046933
105,0.35,21.81848939
90,0.2,17.87724381
120,0.2,22.61290452
90,0.5,18.6001533
120,0.5,22.72564074
105,0.35,19.81739029
90,0.2,14.50816683
120,0.2,21.44028857
90,0.5,20.82775406
120,0.5,21.27458696
105,0.35,17.30022623
90,0.2,20.06019868
120,0.2,24.40600281
90,0.5,18.13254328
120,0.5,28.13749648
105,0.35,22.21124854
90,0.2,18.86320841
120,0.2,19.44133839
90,0.5,20.89631777
120,0.5,21.18263151
105,0.35,18.80635682
90,0.2,22.5585196
120,0.2,17.99523452
90,0.5,21.21255418
120,0.5,21.96445531
105,0.35,21.73574784
90,0.2,21.20955619
120,0.2,24.69782961
90,0.5,20.19548125
120,0.5,18.41284768
105,0.35,23.27375571
90,0.2,20.96259245
120,0.2,19.78893757
90,0.5,22.87995286
120,0.5,27.16281579
105,0.35,21.98117776
90,0.2,24.03797967
120,0.2,16.04827635
90,0.5,22.10968756
120,0.5,17.4088271
105,0.35,28.10809615
90,0.2,22.10943336
120,0.2,26.48234277
90,0.5,20.05949616
120,0.5,22.49265854
105,0.35,28.24061172
90,0.2,22.16837345
120,0.2,19.731147
90,0.5,23.99523104
120,0.5,21.82255212
105,0.35,16.17262059
90,0.2,18.70905739
120,0.2,23.77353631
90,0.5,20.41129706
120,0.5,22.05807783
105,0.35,20.47731408
90,0.2,19.86499567
120,0.2,24.26737515
90,0.5,17.95489759
120,0.5,21.01690145
105,0.35,26.22655656
90,0.2,22.60798503
120,0.2,22.39917123
90,0.5,14.20487739
120,0.5,16.68900213
105,0.35,22.43682479
90,0.2,20.68968753
120,0.2,18.79985313
90,0.5,19.25188047
120,0.5,23.71512392
105,0.35,18.68469635
90,0.2,26.32016815
120,0.2,19.57719085
90,0.5,19.83019178
120,0.5,27.47275848
105,0.35,19.61165294
90,0.2,21.93594178
120,0.2,21.16665494
90,0.5,19.87217765
120,0.5,23.20983416
105,0.35,25.72722121
90,0.2,23.43461788
120,0.2,20.68144804
90,0.5,19.75002964
120,0.5,22.94337669
105,0.35,21.73810257
90,0.2,21.9307289
120,0.2,21.85550175
90,0.5,19.8852823
120,0.5,20.45424993
105,0.35,20.94044303
90,0.2,20.92641136
120,0.2,19.12956049
90,0.5,15.21313059
120,0.5,25.17330628
105,0.35,19.39469613
90,0.2,25.84453815
120,0.2,26.5030648
90,0.5,17.51353471
120,0.5,20.91491186
105,0.35,19.5326927
90,0.2,20.16928689
120,0.2,27.11641372
90,0.5,19.20618203
120,0.5,24.31536574
105,0.35,17.8891907
90,0.2,23.85672432
120,0.2,18.38557044
90,0.5,21.66291924
120,0.5,15.23943975
105,0.35,19.65329952
90,0.2,22.46449913
120,0.2,25.64665132
90,0.5,18.17098664
120,0.5,18.81133553
105,0.35,25.93034185
90,0.2,20.59252507
120,0.2,23.78591261
90,0.5,21.09726157
120,0.5,22.31402244
105,0.35,24.12312398
90,0.2,20.28307109
120,0.2,18.14009256
90,0.5,12.88168269
120,0.5,21.84488385
105,0.35,18.7620272
90,0.2,26.11919742
120,0.2,22.11462
90,0.5,21.14516763
120,0.5,20.11428677
105,0.35,20.59525831
90,0.2,25.3482529
120,0.2,19.41095841
90,0.5,23.64848268
120,0.5,18.48695831
105,0.35,24.07693938
90,0.2,21.6155413
120,0.2,20.91750526
90,0.5,21.60175087
120,0.5,16.31707325
105,0.35,17.11463402
90,0.2,19.082191
120,0.2,22.82475434
90,0.5,18.09406861
120,0.5,24.32811078
105,0.35,20.50817805
90,0.2,18.72325077
120,0.2,26.09359703
90,0.5,18.56478768
120,0.5,23.59967734
105,0.35,22.28557873
90,0.2,26.28539642
120,0.2,19.07546367
90,0.5,24.26584896
120,0.5,20.63546165
105,0.35,19.62827022
90,0.2,22.1466004
120,0.2,15.26348664
90,0.5,18.68450284
120,0.5,17.30358624
105,0.35,24.13280787
90,0.2,21.06390216
120,0.2,23.5048408
90,0.5,15.27037202
120,0.5,22.37193633
105,0.35,19.99284022
90,0.2,20.85779695
120,0.2,18.35555517
90,0.5,22.90731338
120,0.5,12.44713937
105,0.35,19.91484809
90,0.2,24.68854389
120,0.2,17.40162994
90,0.5,20.32821726
120,0.5,23.86109428
105,0.35,24.48166071
90,0.2,25.80609407
120,0.2,18.4006357
90,0.5,17.88643484
120,0.5,14.09686834
105,0.35,17.88432093
90,0.2,22.3912636
120,0.2,24.8664144
90,0.5,22.54368925
120,0.5,24.69097776
105,0.35,18.88499373
90,0.2,16.48472348
120,0.2,22.19653993
90,0.5,23.31081359
120,0.5,24.1014553
105,0.35,20.73714479
90,0.2,23.89485439
120,0.2,21.22945656
90,0.5,18.50162501
120,0.5,22.89838289
105,0.35,16.29760688
90,0.2,21.5927963
120,0.2,20.79942295
90,0.5,21.1912143
120,0.5,23.65664253
105,0.35,21.81863316
90,0.2,18.42843677
120,0.2,20.91289012
90,0.5,21.40878522
120,0.5,19.97555935
105,0.35,25.87059239